-- Insert Members (standalone)
INSERT INTO Members (member_id, name, address, city, state, zip_code, status) VALUES
(100000001, 'Son Phan', 'CS314 St', 'Whitespace', 'OR', '97201', 'Active'),
(100000002, 'Lan Luu', 'CS314 St', 'Whitespace', 'OR', '97201', 'Active'),
(100000003, 'Tin Duong', 'CS314 St', 'Portland', 'OR', '97201', 'Active'),
(100000004, 'Hunter Gambee-Iddings', 'CS314 St', 'Whitespace', 'OR', '97201', 'Active'),
(100000005, 'Piper Lake', 'CS314 St', 'Whitespace', 'OR', '97201', 'Active'),
(100000006, 'Teacher', 'CS314 St', 'Portland', 'OR', '97201', 'Suspended'),
(100000007, 'Alex Kim', '777 Maple Ave', 'Portland', 'OR', '97202', 'Active'),
(100000008, 'Bella Tran', '778 Maple Ave', 'Portland', 'OR', '97202', 'Suspended'),
(100000009, 'Chris Lee', '779 Maple Ave', 'Portland', 'OR', '97202', 'Active'),
(100000010, 'Dana Wu', '780 Maple Ave', 'Portland', 'OR', '97202', 'Active'),
(100000011, 'Ethan Park', '781 Maple Ave', 'Portland', 'OR', '97202', 'Active'),
(100000012, 'Fiona Lin', '782 Maple Ave', 'Portland', 'OR', '97202', 'Suspended'),
(100000013, 'George Chen', '783 Maple Ave', 'Portland', 'OR', '97202', 'Active'),
(100000014, 'Hannah Nguyen', '784 Maple Ave', 'Portland', 'OR', '97202', 'Active'),
(100000015, 'Isaac Brown', '785 Maple Ave', 'Portland', 'OR', '97202', 'Suspended'),
(100000016, 'Jasmine Moore', '786 Maple Ave', 'Portland', 'OR', '97202', 'Active'),
(100000017, 'Kyle Smith', '787 Maple Ave', 'Portland', 'OR', '97202', 'Active'),
(100000018, 'Lara White', '788 Maple Ave', 'Portland', 'OR', '97202', 'Suspended'),
(100000019, 'Mason Gray', '789 Maple Ave', 'Portland', 'OR', '97202', 'Active'),
(100000020, 'Nina Davis', '790 Maple Ave', 'Portland', 'OR', '97202', 'Active'),
(100000021, 'Owen Harris', '791 Maple Ave', 'Portland', 'OR', '97202', 'Active'),
(100000022, 'Paula Brooks', '792 Maple Ave', 'Portland', 'OR', '97202', 'Active'),
(100000023, 'Quinn Foster', '793 Maple Ave', 'Portland', 'OR', '97202', 'Suspended'),
(100000024, 'Riley Adams', '794 Maple Ave', 'Portland', 'OR', '97202', 'Active'),
(100000025, 'Sophie Clark', '795 Maple Ave', 'Portland', 'OR', '97202', 'Active'),
(100000026, 'Tyler Hall', '796 Maple Ave', 'Portland', 'OR', '97202', 'Suspended'),
(100000027, 'Uma Robinson', '797 Maple Ave', 'Portland', 'OR', '97202', 'Active'),
(100000028, 'Victor Young', '798 Maple Ave', 'Portland', 'OR', '97202', 'Active'),
(100000029, 'Wendy Scott', '799 Maple Ave', 'Portland', 'OR', '97202', 'Active'),
(100000030, 'Xavier Price', '800 Maple Ave', 'Portland', 'OR', '97202', 'Active'),
(100000031, 'Yara Cox', '801 Maple Ave', 'Portland', 'OR', '97202', 'Suspended'),
(100000032, 'Zane Bell', '802 Maple Ave', 'Portland', 'OR', '97202', 'Active'),
(100000033, 'Aaron Reed', '803 Maple Ave', 'Portland', 'OR', '97202', 'Active'),
(100000034, 'Bianca Ford', '804 Maple Ave', 'Portland', 'OR', '97202', 'Active'),
(100000035, 'Caleb Simmons', '805 Maple Ave', 'Portland', 'OR', '97202', 'Suspended'),
(100000036, 'Diana Hayes', '806 Maple Ave', 'Portland', 'OR', '97202', 'Active');



-- Insert Users (only system users)
INSERT INTO Users (user_id, name, address, city, state, zip_code, user_type) VALUES
-- Providers
-- Insert 10 providers into Users table
(200000001, 'Provider One', '111 Elm St', 'Portland', 'OR', '97201', 'Provider'),
(200000002, 'Provider Two', '112 Elm St', 'Portland', 'OR', '97201', 'Provider'),
(200000003, 'Provider Three', '113 Elm St', 'Portland', 'OR', '97201', 'Provider'),
(200000004, 'Provider Four', '114 Elm St', 'Portland', 'OR', '97201', 'Provider'),
(200000005, 'Provider Five', '115 Elm St', 'Portland', 'OR', '97201', 'Provider'),
(200000006, 'Provider Six', '116 Elm St', 'Portland', 'OR', '97201', 'Provider'),
(200000007, 'Provider Seven', '117 Elm St', 'Portland', 'OR', '97201', 'Provider'),
(200000008, 'Provider Eight', '118 Elm St', 'Portland', 'OR', '97201', 'Provider'),
(200000009, 'Provider Nine', '119 Elm St', 'Portland', 'OR', '97201', 'Provider'),
(200000010, 'Provider Ten', '120 Elm St', 'Portland', 'OR', '97201', 'Provider'),


-- Operators
(300000001, 'operator1', 'CS314 St', 'Whitespace', 'OR', '97201', 'Operator'),

-- Managers
(400000001, 'manager1', 'CS314 St', 'Whitespace', 'OR', '97201', 'Manager');

-- Seed 30 Services
INSERT INTO Services (service_code, name, fee) VALUES
(100001, 'Emergency Room Visit', 250.00),
(100002, 'Inpatient Consultation', 180.00),
(100003, 'Outpatient Follow-Up', 95.00),
(100004, 'MRI Scan', 600.00),
(100005, 'Physical Therapy Session', 85.00),
(100006, 'X-Ray Diagnostic', 120.00),
(100007, 'Blood Test Panel', 60.00),
(100008, 'Vaccination (General)', 35.00),
(100009, 'Cardiology Checkup', 210.00),
(100010, 'Mental Health Counseling', 150.00),
(100011, 'Dermatology Visit', 125.00),
(100012, 'Prenatal Checkup', 100.00),
(100013, 'Pediatric Exam', 90.00),
(100014, 'ENT Consultation', 130.00),
(100015, 'Nutrition Counseling', 70.00),
(100016, 'Chiropractic Adjustment', 65.00),
(100017, 'Vision Screening', 45.00),
(100018, 'Dental Cleaning', 110.00),
(100019, 'Oral Surgery Evaluation', 180.00),
(100020, 'Gastroenterology Visit', 195.00),
(100021, 'Orthopedic Assessment', 175.00),
(100022, 'Neurological Exam', 220.00),
(100023, 'Urinalysis', 50.00),
(100024, 'Allergy Testing', 145.00),
(100025, 'COVID-19 Test', 40.00),
(100026, 'Hearing Test', 55.00),
(100027, 'Stress Test (Cardio)', 250.00),
(100028, 'Smoking Cessation Program', 90.00),
(100029, 'Wellness Coaching', 75.00),
(100030, 'Diabetes Management Session', 105.00);


-- ServiceLog Dummy Data --- 

INSERT INTO ServiceLogs (
    date_of_service, timestamp_recorded,
    provider_id, member_id, service_code, comments
) VALUES
('06-18-25', '06-18-2025 15:47:00', 200000006, 100000019, 100022, 'Auto log 1'),
('06-29-25', '06-29-2025 13:47:00', 200000005, 100000029, 100009, 'Auto log 2'),
('06-07-25', '06-07-2025 15:52:00', 200000003, 100000003, 100020, 'Auto log 3'),
('06-27-25', '06-27-2025 10:03:00', 200000003, 100000017, 100028, 'Auto log 4'),
('06-18-25', '06-18-2025 11:48:00', 200000002, 100000015, 100024, 'Auto log 5'),
('06-25-25', '06-25-2025 8:23:00', 200000009, 100000003, 100004, 'Auto log 6'),
('06-27-25', '06-27-2025 10:33:00', 200000008, 100000016, 100012, 'Auto log 7'),
('06-08-25', '06-08-2025 9:54:00', 200000005, 100000022, 100011, 'Auto log 8'),
('06-23-25', '06-23-2025 8:07:00', 200000008, 100000019, 100004, 'Auto log 9'),
('06-07-25', '06-07-2025 8:35:00', 200000001, 100000005, 100023, 'Auto log 10'),
('06-11-25', '06-11-2025 12:52:00', 200000007, 100000020, 100005, 'Auto log 11'),
('06-05-25', '06-05-2025 13:06:00', 200000006, 100000012, 100008, 'Auto log 12'),
('06-07-25', '06-07-2025 15:42:00', 200000009, 100000004, 100010, 'Auto log 13'),
('06-05-25', '06-05-2025 8:25:00', 200000006, 100000014, 100004, 'Auto log 14'),
('06-21-25', '06-21-2025 17:30:00', 200000008, 100000013, 100019, 'Auto log 15'),
('06-15-25', '06-15-2025 8:16:00', 200000007, 100000028, 100024, 'Auto log 16'),
('06-11-25', '06-11-2025 12:10:00', 200000003, 100000014, 100014, 'Auto log 17'),
('06-28-25', '06-28-2025 14:15:00', 200000009, 100000015, 100004, 'Auto log 18'),
('05-31-25', '05-31-2025 8:27:00', 200000003, 100000001, 100002, 'Auto log 19'),
('06-14-25', '06-14-2025 11:21:00', 200000003, 100000001, 100013, 'Auto log 20'),
('06-11-25', '06-11-2025 14:24:00', 200000008, 100000016, 100012, 'Auto log 21'),
('06-06-25', '06-06-2025 14:52:00', 200000008, 100000016, 100026, 'Auto log 22'),
('06-11-25', '06-11-2025 10:00:00', 200000001, 100000027, 100022, 'Auto log 23'),
('06-25-25', '06-25-2025 15:27:00', 200000008, 100000013, 100026, 'Auto log 24'),
('05-30-25', '05-30-2025 16:52:00', 200000004, 100000007, 100007, 'Auto log 25'),
('06-08-25', '06-08-2025 11:32:00', 200000007, 100000027, 100024, 'Auto log 26'),
('06-16-25', '06-16-2025 8:08:00', 2000000010, 100000008, 100027, 'Auto log 27'),
('06-14-25', '06-14-2025 10:36:00', 200000007, 100000015, 100009, 'Auto log 28'),
('06-29-25', '06-29-2025 16:39:00', 200000008, 100000021, 100020, 'Auto log 29'),
('06-08-25', '06-08-2025 12:52:00', 2000000010, 100000012, 100023, 'Auto log 30'),
('06-24-25', '06-24-2025 17:41:00', 200000003, 100000003, 100001, 'Auto log 31'),
('06-26-25', '06-26-2025 11:12:00', 200000003, 100000021, 100018, 'Auto log 32'),
('06-10-25', '06-10-2025 13:27:00', 200000005, 100000018, 100019, 'Auto log 33'),
('06-24-25', '06-24-2025 10:35:00', 200000006, 100000029, 100020, 'Auto log 34'),
('06-10-25', '06-10-2025 13:59:00', 200000007, 100000024, 100018, 'Auto log 35'),
('06-29-25', '06-29-2025 9:42:00', 200000006, 100000020, 100023, 'Auto log 36'),
('06-14-25', '06-14-2025 10:51:00', 200000008, 100000018, 100013, 'Auto log 37'),
('06-16-25', '06-16-2025 9:42:00', 200000007, 100000020, 100018, 'Auto log 38'),
('06-24-25', '06-24-2025 13:39:00', 200000006, 100000017, 100004, 'Auto log 39'),
('06-09-25', '06-09-2025 10:10:00', 2000000010, 100000007, 100017, 'Auto log 40'),
('06-08-25', '06-08-2025 11:51:00', 200000008, 100000016, 100027, 'Auto log 41'),
('06-22-25', '06-22-2025 12:08:00', 200000009, 100000014, 100024, 'Auto log 42'),
('06-01-25', '06-01-2025 12:50:00', 200000002, 100000025, 100022, 'Auto log 43'),
('06-23-25', '06-23-2025 15:28:00', 200000004, 100000003, 100022, 'Auto log 44'),
('05-30-25', '05-30-2025 9:57:00', 200000005, 100000023, 100002, 'Auto log 45'),
('06-15-25', '06-15-2025 11:23:00', 200000009, 100000007, 100026, 'Auto log 46'),
('06-09-25', '06-09-2025 14:42:00', 200000005, 100000005, 100022, 'Auto log 47'),
('06-06-25', '06-06-2025 10:23:00', 200000003, 100000029, 100023, 'Auto log 48'),
('06-04-25', '06-04-2025 12:55:00', 200000003, 100000024, 100006, 'Auto log 49'),
('06-03-25', '06-03-2025 17:31:00', 200000005, 100000025, 100018, 'Auto log 50'),
('06-14-25', '06-14-2025 11:37:00', 200000005, 100000005, 100027, 'Auto log 51'),
('06-12-25', '06-12-2025 15:53:00', 200000008, 100000021, 100001, 'Auto log 52'),
('06-15-25', '06-15-2025 15:03:00', 200000001, 100000013, 100012, 'Auto log 53'),
('06-17-25', '06-17-2025 10:30:00', 200000008, 100000029, 100012, 'Auto log 54'),
('06-17-25', '06-17-2025 8:50:00', 200000004, 100000022, 100001, 'Auto log 55'),
('06-24-25', '06-24-2025 17:18:00', 200000002, 100000029, 100019, 'Auto log 56'),
('06-15-25', '06-15-2025 17:52:00', 200000001, 100000009, 100021, 'Auto log 57'),
('06-19-25', '06-19-2025 16:39:00', 200000009, 100000016, 100011, 'Auto log 58'),
('06-25-25', '06-25-2025 17:26:00', 200000006, 100000019, 100009, 'Auto log 59'),
('06-02-25', '06-02-2025 16:06:00', 200000004, 100000025, 100019, 'Auto log 60'),
('06-07-25', '06-07-2025 15:50:00', 200000009, 100000022, 100014, 'Auto log 61'),
('06-16-25', '06-16-2025 13:47:00', 200000005, 100000016, 100011, 'Auto log 62'),
('06-24-25', '06-24-2025 8:30:00', 200000002, 100000015, 100009, 'Auto log 63'),
('06-29-25', '06-29-2025 14:34:00', 200000004, 100000014, 100023, 'Auto log 64'),
('05-31-25', '05-31-2025 9:08:00', 200000004, 100000007, 100026, 'Auto log 65'),
('06-05-25', '06-05-2025 15:10:00', 200000005, 100000026, 100005, 'Auto log 66'),
('06-15-25', '06-15-2025 15:34:00', 200000004, 100000008, 100014, 'Auto log 67'),
('06-18-25', '06-18-2025 16:44:00', 200000001, 100000002, 100010, 'Auto log 68'),
('06-17-25', '06-17-2025 12:47:00', 200000008, 100000013, 100023, 'Auto log 69'),
('06-17-25', '06-17-2025 12:54:00', 200000002, 100000023, 100004, 'Auto log 70'),
('06-21-25', '06-21-2025 8:04:00', 200000003, 100000011, 100026, 'Auto log 71'),
('06-13-25', '06-13-2025 14:43:00', 200000008, 100000018, 100021, 'Auto log 72'),
('06-04-25', '06-04-2025 14:31:00', 200000009, 100000004, 100012, 'Auto log 73'),
('06-16-25', '06-16-2025 16:01:00', 200000002, 100000021, 100001, 'Auto log 74'),
('06-08-25', '06-08-2025 17:24:00', 200000003, 100000006, 100024, 'Auto log 75'),
('06-22-25', '06-22-2025 8:19:00', 2000000010, 100000017, 100025, 'Auto log 76'),
('06-19-25', '06-19-2025 14:53:00', 200000003, 100000021, 100005, 'Auto log 77'),
('06-04-25', '06-04-2025 9:57:00', 200000009, 100000010, 100018, 'Auto log 78'),
('06-24-25', '06-24-2025 12:18:00', 200000009, 100000021, 100022, 'Auto log 79'),
('06-26-25', '06-26-2025 12:07:00', 200000002, 100000006, 100007, 'Auto log 80'),
('06-03-25', '06-03-2025 9:33:00', 200000001, 100000026, 100002, 'Auto log 81'),
('06-20-25', '06-20-2025 9:37:00', 200000006, 100000024, 100015, 'Auto log 82'),
('06-24-25', '06-24-2025 8:15:00', 200000008, 100000019, 100021, 'Auto log 83'),
('05-30-25', '05-30-2025 17:39:00', 200000006, 100000017, 100004, 'Auto log 84'),
('06-26-25', '06-26-2025 8:59:00', 200000006, 100000011, 100009, 'Auto log 85'),
('06-14-25', '06-14-2025 9:52:00', 200000009, 100000002, 100013, 'Auto log 86'),
('06-01-25', '06-01-2025 12:16:00', 200000001, 100000016, 100022, 'Auto log 87'),
('05-31-25', '05-31-2025 9:45:00', 2000000010, 100000005, 100017, 'Auto log 88'),
('06-16-25', '06-16-2025 15:06:00', 200000006, 100000008, 100017, 'Auto log 89'),
('06-10-25', '06-10-2025 10:15:00', 200000005, 100000008, 100009, 'Auto log 90'),
('06-14-25', '06-14-2025 10:38:00', 200000008, 100000026, 100023, 'Auto log 91'),
('06-06-25', '06-06-2025 11:00:00', 200000009, 100000019, 100024, 'Auto log 92'),
('06-04-25', '06-04-2025 13:17:00', 2000000010, 100000022, 100013, 'Auto log 93'),
('06-14-25', '06-14-2025 13:53:00', 200000002, 100000012, 100001, 'Auto log 94'),
('06-07-25', '06-07-2025 8:34:00', 200000002, 100000012, 100007, 'Auto log 95'),
('06-16-25', '06-16-2025 11:25:00', 200000004, 100000013, 100007, 'Auto log 96'),
('06-21-25', '06-21-2025 12:18:00', 200000001, 100000016, 100003, 'Auto log 97'),
('06-09-25', '06-09-2025 13:20:00', 200000009, 100000021, 100001, 'Auto log 98'),
('06-09-25', '06-09-2025 11:29:00', 200000007, 100000001, 100019, 'Auto log 99'),
('06-23-25', '06-23-2025 16:38:00', 200000003, 100000015, 100016, 'Auto log 100'),
('06-23-25', '06-23-2025 11:31:00', 200000004, 100000014, 100010, 'Auto log 101'),
('06-10-25', '06-10-2025 8:08:00', 200000004, 100000004, 100018, 'Auto log 102'),
('06-12-25', '06-12-2025 8:45:00', 200000004, 100000019, 100026, 'Auto log 103'),
('06-05-25', '06-05-2025 16:24:00', 200000009, 100000028, 100027, 'Auto log 104'),
('06-07-25', '06-07-2025 12:21:00', 200000002, 100000021, 100017, 'Auto log 105'),
('06-25-25', '06-25-2025 17:03:00', 200000009, 100000004, 100011, 'Auto log 106'),
('06-01-25', '06-01-2025 10:34:00', 200000005, 100000003, 100013, 'Auto log 107'),
('06-14-25', '06-14-2025 11:44:00', 200000008, 100000017, 100004, 'Auto log 108'),
('06-25-25', '06-25-2025 12:50:00', 200000007, 100000023, 100009, 'Auto log 109'),
('06-03-25', '06-03-2025 8:50:00', 200000006, 100000017, 100002, 'Auto log 110'),
('06-20-25', '06-20-2025 10:17:00', 200000004, 100000024, 100010, 'Auto log 111'),
('06-06-25', '06-06-2025 16:28:00', 200000008, 100000029, 100022, 'Auto log 112'),
('06-06-25', '06-06-2025 15:09:00', 200000004, 100000010, 100024, 'Auto log 113'),
('06-03-25', '06-03-2025 12:16:00', 200000002, 100000003, 100008, 'Auto log 114'),
('06-08-25', '06-08-2025 9:05:00', 200000003, 100000006, 100018, 'Auto log 115'),
('05-30-25', '05-30-2025 13:53:00', 200000008, 100000010, 100009, 'Auto log 116'),
('06-04-25', '06-04-2025 9:56:00', 200000002, 100000014, 100001, 'Auto log 117'),
('06-02-25', '06-02-2025 11:51:00', 200000008, 100000022, 100019, 'Auto log 118'),
('06-25-25', '06-25-2025 9:01:00', 200000002, 100000001, 100019, 'Auto log 119'),
('06-13-25', '06-13-2025 11:25:00', 200000005, 100000023, 100022, 'Auto log 120'),
('06-03-25', '06-03-2025 11:18:00', 2000000010, 100000025, 100008, 'Auto log 121'),
('06-09-25', '06-09-2025 9:43:00', 200000006, 100000001, 100026, 'Auto log 122'),
('06-12-25', '06-12-2025 12:28:00', 200000001, 100000017, 100015, 'Auto log 123'),
('06-28-25', '06-28-2025 17:17:00', 200000004, 100000019, 100028, 'Auto log 124'),
('06-04-25', '06-04-2025 12:50:00', 200000006, 100000025, 100002, 'Auto log 125'),
('06-23-25', '06-23-2025 11:43:00', 200000009, 100000014, 100017, 'Auto log 126'),
('06-19-25', '06-19-2025 16:55:00', 200000002, 100000015, 100025, 'Auto log 127'),
('05-31-25', '05-31-2025 13:03:00', 200000001, 100000007, 100006, 'Auto log 128'),
('06-06-25', '06-06-2025 17:30:00', 200000002, 100000014, 100011, 'Auto log 129'),
('06-05-25', '06-05-2025 10:13:00', 200000005, 100000019, 100021, 'Auto log 130'),
('06-19-25', '06-19-2025 10:09:00', 200000009, 100000011, 100022, 'Auto log 131'),
('06-27-25', '06-27-2025 11:06:00', 2000000010, 100000015, 100027, 'Auto log 132'),
('06-20-25', '06-20-2025 15:33:00', 200000009, 100000019, 100014, 'Auto log 133'),
('06-11-25', '06-11-2025 10:31:00', 200000001, 100000016, 100013, 'Auto log 134'),
('06-06-25', '06-06-2025 10:58:00', 200000003, 100000022, 100012, 'Auto log 135'),
('06-21-25', '06-21-2025 8:05:00', 200000004, 100000006, 100020, 'Auto log 136'),
('06-12-25', '06-12-2025 16:45:00', 200000002, 100000028, 100024, 'Auto log 137'),
('06-02-25', '06-02-2025 9:18:00', 200000009, 100000009, 100027, 'Auto log 138'),
('05-31-25', '05-31-2025 14:09:00', 200000002, 100000001, 100022, 'Auto log 139'),
('06-19-25', '06-19-2025 11:10:00', 2000000010, 100000011, 100023, 'Auto log 140'),
('06-22-25', '06-22-2025 13:16:00', 200000003, 100000024, 100017, 'Auto log 141'),
('06-14-25', '06-14-2025 16:39:00', 200000001, 100000003, 100001, 'Auto log 142'),
('06-12-25', '06-12-2025 13:31:00', 200000001, 100000010, 100027, 'Auto log 143'),
('06-01-25', '06-01-2025 14:17:00', 200000008, 100000009, 100004, 'Auto log 144'),
('06-20-25', '06-20-2025 15:17:00', 200000008, 100000011, 100023, 'Auto log 145'),
('06-02-25', '06-02-2025 17:27:00', 200000006, 100000010, 100003, 'Auto log 146'),
('06-09-25', '06-09-2025 16:09:00', 200000001, 100000027, 100025, 'Auto log 147'),
('06-12-25', '06-12-2025 16:11:00', 200000009, 100000029, 100024, 'Auto log 148'),
('06-12-25', '06-12-2025 11:31:00', 200000003, 100000006, 100017, 'Auto log 149'),
('06-03-25', '06-03-2025 13:56:00', 200000007, 100000017, 100023, 'Auto log 150'),
('06-21-25', '06-21-2025 10:16:00', 200000005, 100000015, 100012, 'Auto log 151'),
('05-30-25', '05-30-2025 15:37:00', 2000000010, 100000015, 100002, 'Auto log 152'),
('06-19-25', '06-19-2025 14:38:00', 200000005, 100000021, 100017, 'Auto log 153'),
('06-01-25', '06-01-2025 12:22:00', 200000007, 100000003, 100012, 'Auto log 154'),
('05-30-25', '05-30-2025 9:10:00', 200000009, 100000009, 100019, 'Auto log 155'),
('06-03-25', '06-03-2025 15:51:00', 200000002, 100000010, 100004, 'Auto log 156'),
('05-31-25', '05-31-2025 16:14:00', 200000001, 100000024, 100011, 'Auto log 157'),
('06-22-25', '06-22-2025 12:29:00', 200000004, 100000015, 100004, 'Auto log 158'),
('06-20-25', '06-20-2025 9:26:00', 200000006, 100000028, 100008, 'Auto log 159'),
('06-19-25', '06-19-2025 16:28:00', 200000008, 100000020, 100011, 'Auto log 160'),
('06-27-25', '06-27-2025 15:05:00', 200000003, 100000002, 100021, 'Auto log 161'),
('06-19-25', '06-19-2025 16:28:00', 200000004, 100000010, 100016, 'Auto log 162'),
('06-05-25', '06-05-2025 14:51:00', 200000003, 100000022, 100014, 'Auto log 163'),
('06-04-25', '06-04-2025 9:37:00', 200000008, 100000002, 100001, 'Auto log 164'),
('06-12-25', '06-12-2025 15:40:00', 200000005, 100000016, 100002, 'Auto log 165'),
('06-29-25', '06-29-2025 12:52:00', 200000003, 100000009, 100027, 'Auto log 166'),
('06-08-25', '06-08-2025 17:55:00', 200000001, 100000006, 100004, 'Auto log 167'),
('06-22-25', '06-22-2025 14:51:00', 200000005, 100000005, 100001, 'Auto log 168'),
('06-29-25', '06-29-2025 14:57:00', 200000002, 100000026, 100003, 'Auto log 169'),
('06-10-25', '06-10-2025 15:05:00', 200000002, 100000020, 100005, 'Auto log 170'),
('06-19-25', '06-19-2025 12:44:00', 200000008, 100000028, 100022, 'Auto log 171'),
('06-04-25', '06-04-2025 16:58:00', 200000004, 100000019, 100026, 'Auto log 172'),
('06-10-25', '06-10-2025 17:20:00', 200000007, 100000022, 100015, 'Auto log 173'),
('06-18-25', '06-18-2025 12:11:00', 200000003, 100000013, 100009, 'Auto log 174'),
('06-29-25', '06-29-2025 16:25:00', 200000005, 100000017, 100010, 'Auto log 175'),
('06-03-25', '06-03-2025 15:41:00', 200000007, 100000028, 100013, 'Auto log 176'),
('06-16-25', '06-16-2025 17:35:00', 200000001, 100000023, 100011, 'Auto log 177'),
('06-11-25', '06-11-2025 15:42:00', 200000003, 100000001, 100011, 'Auto log 178'),
('06-28-25', '06-28-2025 13:22:00', 200000008, 100000002, 100006, 'Auto log 179'),
('06-01-25', '06-01-2025 10:25:00', 200000006, 100000011, 100002, 'Auto log 180'),
('06-11-25', '06-11-2025 11:16:00', 200000003, 100000008, 100006, 'Auto log 181'),
('06-15-25', '06-15-2025 13:07:00', 200000002, 100000001, 100015, 'Auto log 182'),
('06-06-25', '06-06-2025 17:52:00', 200000004, 100000012, 100004, 'Auto log 183'),
('06-09-25', '06-09-2025 15:11:00', 200000001, 100000024, 100026, 'Auto log 184'),
('06-14-25', '06-14-2025 15:12:00', 200000003, 100000015, 100004, 'Auto log 185'),
('05-30-25', '05-30-2025 12:31:00', 200000004, 100000015, 100005, 'Auto log 186'),
('06-09-25', '06-09-2025 13:42:00', 200000007, 100000025, 100006, 'Auto log 187'),
('06-13-25', '06-13-2025 15:35:00', 200000007, 100000005, 100023, 'Auto log 188'),
('06-29-25', '06-29-2025 17:37:00', 200000009, 100000016, 100015, 'Auto log 189'),
('06-06-25', '06-06-2025 10:45:00', 200000009, 100000023, 100011, 'Auto log 190'),
('06-20-25', '06-20-2025 11:45:00', 200000007, 100000009, 100009, 'Auto log 191'),
('06-09-25', '06-09-2025 15:24:00', 200000002, 100000003, 100022, 'Auto log 192'),
('06-15-25', '06-15-2025 12:35:00', 200000001, 100000014, 100007, 'Auto log 193'),
('06-26-25', '06-26-2025 11:53:00', 200000006, 100000010, 100020, 'Auto log 194'),
('06-18-25', '06-18-2025 8:40:00', 200000008, 100000018, 100014, 'Auto log 195'),
('06-24-25', '06-24-2025 12:30:00', 200000001, 100000010, 100016, 'Auto log 196'),
('06-11-25', '06-11-2025 8:01:00', 2000000010, 100000017, 100009, 'Auto log 197'),
('06-10-25', '06-10-2025 12:05:00', 200000004, 100000027, 100028, 'Auto log 198'),
('06-14-25', '06-14-2025 11:36:00', 200000002, 100000029, 100015, 'Auto log 199'),
('06-12-25', '06-12-2025 11:32:00', 200000008, 100000022, 100022, 'Auto log 200');